ev_id,origin_time_utc,evla,evlo,evdep_km,mag,n_picks
617050239,2020-01-01T08:31:26.47,-17.5266,-172.4716,13.1,,13
617094506,2020-01-02T04:29:05.89,34.0715,60.2751,9.0,,15
617094574,2020-01-02T11:25:05.26,-5.7593,125.0443,21.9,,21
617124993,2020-01-05T18:58:52.49,6.1330,126.2353,83.7,,16
617125016,2020-01-05T07:45:47.79,-6.4393,129.2437,216.8,,21
617125225,2020-01-06T07:25:35.63,5.1625,125.4497,52.1,,14
617125961,2020-01-06T22:31:52.94,-11.4018,118.4382,11.4,,10
617125972,2020-01-07T01:38:17.63,-5.4594,147.0366,201.8,,17
617125978,2020-01-07T06:05:19.68,2.3273,96.4130,20.4,6.5,44
617152277,2020-01-09T08:38:08.89,62.2654,171.0078,9.0,6.4,21
617168892,2020-01-10T00:13:11.20,2.3004,127.5324,78.6,5.5,20
617172125,2020-01-10T20:06:42.31,-16.6838,167.6534,20.8,5.6,14
617174603,2020-01-12T16:48:02.68,-7.3434,155.9158,21.9,,18
617178924,2020-01-15T07:55:30.67,-10.2336,124.0585,16.1,5.5,31
617181497,2020-01-16T08:32:38.10,41.2618,83.6047,8.1,5.6,10
617194460,2020-01-18T01:31:13.26,-6.7078,132.0625,35.0,5.6,16
617194874,2020-01-18T16:38:13.56,-2.8296,139.4218,45.6,5.8,32
617194918,2020-01-19T13:27:57.85,39.7669,77.1324,10.4,6.1,34
617194930,2020-01-19T16:58:20.27,-0.0922,123.7908,134.4,6.0,48
617196275,2020-01-22T00:57:21.96,-16.5107,178.0291,21.0,,12
617198377,2020-01-22T19:23:15.11,28.0644,56.7311,19.6,5.8,11
617199736,2020-01-24T07:09:15.42,39.1897,71.5863,9.9,5.6,20
617204416,2020-01-24T17:39:25.91,-6.1682,147.5692,77.9,,18
617204417,2020-01-24T17:55:15.54,38.2987,39.1475,12.3,6.7,28
617207715,2020-01-26T03:57:20.37,51.0592,-179.8105,32.8,5.5,14
617207730,2020-01-26T07:24:07.00,51.1288,-179.8438,37.9,5.5,10
617208393,2020-01-26T22:33:38.32,50.9937,-179.8121,31.9,,13
617208409,2020-01-26T09:12:07.24,51.1453,-179.7355,26.8,5.7,18
617208428,2020-01-27T19:13:25.36,-6.1745,152.4687,25.0,,10
617208455,2020-01-27T13:28:28.51,29.5855,52.1103,15.2,,11
617228363,2020-01-29T09:10:46.03,38.7841,70.6504,9.8,,12
617232036,2020-01-29T23:46:55.02,0.7567,126.2797,25.3,6.0,26
617232911,2020-01-30T11:21:37.07,35.1710,27.7742,15.9,5.6,10
617250522,2020-01-30T22:38:55.05,-3.3799,146.2027,10.0,5.7,10
617279611,2020-02-04T09:47:22.92,-37.5848,176.5878,293.9,,11
617285521,2020-02-04T22:17:45.61,51.9556,178.4092,121.5,5.5,18
617307582,2020-02-05T18:12:37.34,-6.0699,113.0907,603.3,6.5,52
617335348,2020-02-06T09:24:16.22,39.2022,21.4886,14.4,,11
617410906,2020-02-06T13:40:08.23,5.4354,126.4981,41.3,5.8,21
617475787,2020-02-08T06:36:46.22,-2.9919,129.9016,31.1,,14
617480784,2020-02-09T09:42:25.20,-4.6670,149.4749,568.3,,26
617480789,2020-02-09T06:04:30.31,-5.4220,152.0872,46.4,6.0,28
617481177,2020-02-11T10:21:45.59,-22.6447,-174.7260,10.0,,16
617481181,2020-02-11T11:07:02.60,-25.0962,179.9077,492.2,,14
617485807,2020-02-11T15:15:46.02,-5.9972,150.2834,50.7,,13
617488874,2020-02-13T10:16:07.88,-5.5848,153.1455,13.5,,15
617491826,2020-02-13T18:17:30.11,-6.6888,130.6191,83.6,,13
617496735,2020-01-15T00:14:19.25,-23.6908,-179.9657,522.1,,15
617496765,2020-01-27T05:02:02.25,-10.1008,161.0190,32.6,6.2,28
617497178,2020-01-29T13:49:49.58,-10.3775,161.2730,94.8,5.8,34
617507033,2020-01-02T13:41:30.80,-9.7697,159.8270,28.9,,21
617507042,2020-01-07T19:11:35.84,-5.1955,151.2500,127.0,5.6,26
617507046,2020-01-10T22:54:47.60,-30.0965,-178.9723,200.0,5.5,16
617511735,2020-02-15T23:00:29.41,-3.3775,131.4454,32.1,5.9,26
617511765,2020-02-15T15:36:44.90,1.5065,126.3927,28.4,5.5,22
617511784,2020-02-16T12:30:47.44,27.0717,55.7981,15.9,5.7,19
617512305,2020-02-17T09:18:04.40,57.5494,-156.0497,106.4,5.5,15
617512472,2020-02-18T07:29:38.74,85.7244,22.4912,8.5,5.7,12
617531708,2020-02-20T09:54:06.82,5.5797,125.6232,207.7,,14
617533776,2020-02-20T20:24:28.10,-6.7685,129.5661,171.0,,17
617539261,2020-02-21T10:20:16.47,50.9647,-179.2570,22.5,,14
617549578,2020-02-22T19:46:13.89,-22.0621,-174.6350,27.0,,12
617549818,2020-02-23T16:00:31.25,38.4225,44.5012,5.6,5.9,17
617549822,2020-02-23T02:08:06.10,-0.2447,125.2426,45.5,5.6,20
617549825,2020-02-23T03:39:55.93,-0.2884,125.1941,48.0,,13
617549836,2020-02-23T05:53:00.68,38.4088,44.4958,5.9,5.5,15
617583615,2020-02-27T19:13:02.44,3.8199,125.8294,126.2,,18
617583654,2020-02-28T07:41:54.38,-19.2693,-173.0052,17.4,6.0,15
617589132,2020-02-28T14:02:55.24,-4.1264,103.0286,105.2,,12
617591929,2020-03-02T00:31:16.51,51.1512,-179.7874,32.3,5.8,23
617606886,2020-03-03T08:42:01.07,51.1299,-179.7403,30.0,,11
617618845,2020-03-05T13:11:47.96,-29.7657,-176.2219,22.4,5.6,13
617625709,2020-03-07T03:52:02.99,31.6511,-114.5618,10.6,,10
617625718,2020-03-07T05:43:46.19,-17.9357,167.8801,13.9,,10
617625968,2020-03-07T11:35:25.93,-7.3332,128.6986,170.4,,17
617626361,2020-03-09T02:59:09.24,40.3650,-125.1004,11.1,6.2,11
617656260,2020-03-10T14:06:27.74,-5.8020,103.0625,34.4,5.5,17
617717810,2020-03-11T15:16:56.64,-6.9455,155.3966,40.7,,11
617742328,2020-03-12T12:50:29.62,-19.5099,-172.9304,17.0,5.5,14
617787532,2020-03-14T10:01:16.90,-27.6849,-175.7042,14.0,6.5,26
617787539,2020-03-14T10:42:38.59,2.8164,128.3386,50.9,,11
617787738,2020-03-15T21:05:34.86,-10.4149,118.3079,30.8,,17
617787739,2020-03-15T22:04:25.36,27.3202,55.3587,14.2,,12
617796709,2020-03-17T16:06:23.44,-16.1582,-172.1447,16.0,5.8,19
617796851,2020-03-18T03:13:29.29,3.0122,127.9719,106.1,5.7,22
617796852,2020-03-18T03:13:45.23,-13.1495,167.0665,185.2,6.0,23
617799112,2020-03-18T13:09:31.98,40.7300,-112.0606,8.9,5.7,28
617799136,2020-03-18T17:45:39.39,-11.0658,115.1714,23.8,6.0,38
617805561,2020-03-20T01:33:15.05,28.6056,87.3687,12.5,5.7,17
617805570,2020-03-20T03:03:13.68,45.9787,94.0017,15.0,5.8,10
617808686,2020-03-21T00:49:51.76,39.3009,20.5651,14.9,5.6,13
617810107,2020-03-22T03:34:55.39,1.2653,122.0505,29.9,,12
617810109,2020-03-22T05:24:03.52,45.9027,16.0086,10.7,5.5,10
617810122,2020-03-22T06:48:43.81,-11.0357,115.2607,14.5,,20
617810883,2020-03-23T11:04:33.03,-6.1630,130.6745,102.1,,20
617818095,2020-03-26T15:38:03.70,5.6349,125.0918,66.6,5.9,32
617818171,2020-03-26T21:36:43.28,-2.9367,139.1839,45.5,5.6,19
617818593,2020-03-27T06:40:42.72,28.2308,57.1483,18.1,5.5,15
617824092,2020-03-28T23:10:38.48,-7.1446,124.0607,600.6,,26
617824104,2020-03-28T15:43:17.08,-1.8255,120.0861,8.0,5.6,21
617824126,2020-03-29T18:19:14.52,-21.4972,169.6908,12.8,,16
617824143,2020-03-29T02:46:00.88,-5.1634,144.2245,96.0,,16
617826762,2020-04-02T02:13:13.65,-8.0945,125.7113,33.4,5.5,17
617827391,2020-04-02T21:42:41.98,-7.0181,126.5410,420.4,,25
617827823,2020-03-23T20:33:38.53,-25.3121,179.7269,502.5,,18
617833700,2020-04-04T09:24:19.79,-19.4466,-173.2544,18.4,,13
617833891,2020-04-05T18:37:11.12,1.4714,126.4043,48.1,6.0,29
617844102,2020-04-08T10:02:31.35,-15.7218,-177.5000,420.4,5.5,21
617856606,2020-03-28T17:48:18.05,-17.7931,168.3832,103.7,,11
617944324,2020-04-10T18:45:49.78,5.5842,126.4519,84.3,5.7,17
618037100,2020-04-12T06:57:48.56,-36.8407,77.4222,16.9,5.8,12
618037854,2020-04-14T01:06:46.74,-30.4493,-176.3083,27.4,5.8,16
618037870,2020-04-14T06:31:49.70,7.1431,143.3277,14.1,,11
618099894,2020-04-15T21:03:38.99,1.0781,126.6296,54.8,5.6,30
618099906,2020-04-15T22:42:20.41,-5.3989,152.7414,48.0,,20
618102373,2020-04-16T11:45:24.81,22.7761,94.0084,22.2,5.9,21
618119386,2020-04-17T00:22:44.76,56.1938,-153.6261,15.1,,18
618122527,2020-04-17T16:30:48.88,-23.7682,69.3940,16.7,5.7,10
618124301,2020-01-23T05:53:04.22,51.9367,-177.8419,13.4,6.3,40
618124554,2020-01-26T06:40:51.49,51.0750,-179.8461,31.7,5.8,12
618125671,2020-04-19T13:09:34.18,3.9104,126.1719,42.0,,18
618127911,2020-04-20T00:34:35.29,-15.3267,167.5424,119.8,,22
618140082,2020-04-22T22:31:26.60,-22.1636,-175.4694,51.2,5.5,12
618169830,2020-04-25T03:01:00.70,-18.7999,-175.3561,229.1,,16
618171528,2020-04-26T13:43:59.68,-3.9978,151.3994,21.0,,10
618172717,2020-04-13T14:59:35.87,0.2364,126.8293,43.4,,13
618172844,2020-04-26T23:48:45.36,5.6593,126.8458,72.3,,10
618172874,2020-04-27T08:40:43.77,-3.7385,151.4619,18.1,,21
618214546,2020-05-01T13:48:38.79,4.6242,127.0598,83.7,,11
618215629,2020-05-02T16:44:26.33,34.1210,25.6354,11.6,5.5,14
618215654,2020-05-02T12:51:05.87,34.1862,25.7680,13.5,6.7,21
618216153,2020-05-03T07:06:45.53,-6.2247,104.6788,55.3,,18
618225812,2020-04-25T02:53:07.67,-6.5591,154.3123,25.0,6.3,19
618230022,2020-05-05T23:20:40.46,-15.3844,-172.7586,19.6,5.5,20
618230105,2020-03-18T05:31:33.69,-11.0061,164.4012,14.1,,21
618230862,2020-05-06T10:51:00.74,39.6979,73.9036,11.6,,15
618238005,2020-05-09T05:49:12.11,-7.1723,129.5184,149.8,,15
618239103,2020-05-11T01:06:19.06,-6.0393,129.8954,14.0,5.5,25
618258937,2020-05-02T13:33:50.03,34.1236,25.5452,14.8,,17
618259420,2020-05-15T11:03:29.68,38.1142,-117.8613,11.4,6.4,18
618271819,2020-05-15T14:12:05.32,-6.4936,128.2383,324.9,,15
618271826,2020-05-15T14:49:19.71,-15.7619,-172.8354,7.0,5.5,22
618291820,2020-05-17T19:07:43.25,-25.4483,-179.9287,478.4,,12
618291859,2020-05-18T07:02:35.04,40.7843,-127.2758,16.8,5.7,10
618292713,2020-05-18T23:22:35.27,34.1519,25.5729,13.4,5.5,16
618298360,2020-05-20T12:45:08.34,5.2312,126.0308,102.5,,14
618298511,2020-05-20T23:43:15.88,35.1823,20.2700,12.4,5.8,22
618301613,2020-05-21T19:18:50.59,-2.9850,142.7997,18.0,,13
618324974,2020-05-23T22:50:11.68,34.2143,25.5517,11.6,,21
618324976,2020-05-23T23:02:27.08,-14.8880,66.6331,10.8,5.5,11
618324991,2020-05-24T09:11:28.90,30.3578,50.7574,14.4,,11
618325441,2020-05-24T19:53:32.98,-40.4584,174.9944,61.4,5.6,15
618328424,2020-02-26T07:33:11.58,-7.5221,131.1196,55.3,6.0,28
618328658,2020-05-26T22:52:13.44,-17.0539,167.8415,14.6,,19
618328691,2020-05-27T07:09:10.64,-17.2295,167.8732,14.5,6.0,30
618329821,2020-05-27T19:35:51.58,-6.2665,130.6786,127.7,,13
618347910,2020-05-27T21:09:10.58,-23.7664,69.5239,10.0,,11
618347922,2020-05-27T23:06:19.30,-6.1556,147.2197,78.0,,11
618348260,2020-05-28T12:20:16.13,-4.2376,142.7705,61.1,,10
618367798,2020-05-30T13:06:25.63,4.0310,126.5123,47.4,5.7,23
618411940,2020-06-03T06:58:26.72,4.6319,127.5806,128.4,,11
618415912,2020-06-03T09:31:38.17,-24.8203,-176.7574,99.6,5.8,31
618421460,2020-06-03T15:54:04.48,-7.0601,116.8940,654.5,5.9,39
618435293,2020-06-04T01:32:11.27,35.5911,-117.3931,8.5,5.7,10
618435309,2020-06-04T08:49:39.74,2.8672,128.2113,116.7,6.5,34
618452911,2020-06-05T06:19:38.53,-22.3769,-175.5766,40.1,,15
618453607,2020-05-07T11:21:20.84,-4.4634,154.7087,481.1,6.1,49
618453608,2020-05-07T15:16:40.85,-4.1476,152.5775,132.9,,11
618453613,2020-05-12T22:41:13.47,-12.1340,166.5383,124.5,6.1,49
618453622,2020-05-16T03:15:44.36,-16.1030,168.0319,184.9,6.0,30
618453642,2020-05-23T00:13:38.53,-7.1750,129.1500,138.3,5.6,24
618453655,2020-05-28T07:18:44.42,-22.2808,-174.3599,11.3,5.9,32
618453656,2020-05-28T09:46:49.16,-27.8385,-175.2269,9.6,5.8,29
618453662,2020-05-29T11:07:49.36,-17.3739,167.6817,10.2,5.5,20
618453664,2020-05-29T20:14:50.52,-32.1855,-178.4925,10.0,,12
618453667,2020-05-30T03:06:20.95,-6.0847,152.3019,18.0,5.5,11
618458647,2020-06-05T18:06:21.70,38.2479,38.7636,6.6,,15
618461456,2020-06-06T10:55:43.03,-16.7961,177.3492,13.1,5.5,18
618461628,2020-06-07T14:36:59.91,-10.6564,166.2424,32.9,5.5,20
618461629,2020-06-07T14:43:26.04,-10.6922,166.1637,32.4,5.6,16
618461990,2020-06-08T02:34:34.05,-0.3938,124.1817,85.1,,23
618469021,2020-06-09T04:56:10.06,-4.2047,126.4477,14.1,5.5,31
618470201,2020-06-09T17:18:14.76,27.6522,53.4261,16.9,5.5,25
618470206,2020-06-09T18:18:29.48,-5.1007,145.4891,64.0,,14
618471033,2020-06-10T04:35:18.14,-2.6878,101.0195,49.6,,11
618541738,2020-06-13T09:15:49.50,-8.9603,117.8563,28.2,,14
618541935,2020-06-14T14:43:08.60,23.2931,70.4382,17.3,5.6,11
618541936,2020-06-14T14:24:28.51,39.3754,40.7352,1.0,5.8,16
618541946,2020-06-14T13:25:23.44,2.6767,128.2212,123.4,,12
618541960,2020-06-14T03:35:19.49,-9.0766,124.0690,78.9,,12
618542269,2020-06-15T06:51:31.75,39.3839,40.7275,9.6,5.5,11
618542280,2020-06-15T04:15:43.73,1.3135,128.0867,124.3,5.6,22
618542353,2020-06-15T10:37:33.26,-9.4695,156.1802,13.8,5.5,12
618542971,2020-06-16T01:30:46.98,37.7775,72.3255,118.3,5.5,19
618544181,2020-06-16T14:30:25.59,27.2367,34.6933,7.5,,13
618550810,2020-06-18T12:49:55.87,-33.3665,-177.8396,19.8,7.3,31
618550819,2020-06-18T16:11:40.32,-33.3265,-177.8922,13.6,5.8,10
618551270,2020-06-19T03:08:32.72,51.2279,-179.0590,40.1,5.5,16
618551675,2020-06-19T10:07:55.26,-17.4953,-178.7733,545.5,,22
618557370,2020-06-20T19:26:22.69,66.2102,-18.5543,8.5,5.5,12
618557396,2020-06-20T15:45:10.10,-9.4830,156.0351,10.0,,18
618560737,2020-06-21T19:07:55.89,66.4004,-18.6392,9.0,5.9,19
618560738,2020-06-21T22:40:52.94,23.1642,93.2569,13.8,5.7,25
618560743,2020-06-21T19:33:06.57,-8.9255,110.9067,82.4,5.5,29
618570070,2020-06-23T07:43:28.75,0.1130,123.7961,113.7,6.1,31
618587181,2020-06-24T17:40:50.59,36.4495,-117.9772,10.6,5.5,10
618591141,2020-06-25T21:05:19.53,35.5383,82.4025,18.0,6.2,35
618591173,2020-06-26T07:21:12.52,38.7716,27.8152,11.5,,10
618636357,2020-06-28T17:43:28.33,36.6041,28.2681,65.8,,10
618655993,2020-07-04T01:34:45.91,-9.7440,154.9229,17.0,,13
618656140,2020-07-04T19:09:21.91,-9.0239,112.2936,95.7,,25
618656151,2020-07-04T09:53:00.22,39.0614,70.9718,10.8,6.4,17
618656296,2020-07-05T08:53:34.63,53.2217,-160.4082,15.1,5.6,21
618656301,2020-07-05T05:34:06.17,2.6061,128.2336,76.7,,13
618657037,2020-06-07T20:06:39.04,-5.3111,151.5949,58.6,5.6,34
618657043,2020-06-10T04:29:21.01,-23.4930,179.2660,552.6,,28
618657053,2020-06-17T06:24:18.66,-16.0802,-174.9281,291.9,,15
618657069,2020-06-18T15:06:15.35,-33.3044,-177.8378,11.1,5.6,11
618661568,2020-07-06T22:54:46.71,-5.6679,110.5937,538.2,6.1,35
618665512,2020-07-07T09:56:10.21,-7.0393,125.0383,517.6,,13
618677336,2020-07-09T16:08:22.73,-6.6440,128.7538,250.0,,17
618678075,2020-07-10T06:29:43.09,-2.6657,68.0908,11.1,5.9,22
618679383,2020-07-13T00:58:45.66,5.1692,94.2613,33.1,,22
618680780,2020-07-14T23:33:58.80,-7.2305,120.4353,603.9,5.7,28
618683061,2020-07-17T02:50:22.76,-7.9502,147.7449,85.2,6.7,56
618684830,2020-07-17T18:33:00.59,12.0880,95.0020,14.0,5.6,30
618684837,2020-07-17T14:03:41.55,11.7592,95.0553,8.0,6.1,19
618685967,2020-07-18T01:37:14.76,-10.3926,161.3446,50.2,5.5,34
618686261,2020-07-18T15:32:39.70,-15.5001,-172.9951,16.8,6.1,45
618686277,2020-07-19T02:15:11.40,-10.8480,93.5906,2.2,,17
618687309,2020-07-20T06:00:41.07,-4.8095,134.0841,28.0,,10
618688582,2020-07-21T20:56:25.34,-20.8772,-178.5231,615.9,5.6,56
618688606,2020-07-22T08:13:29.34,55.2165,-159.3618,39.6,6.5,33
618688608,2020-07-22T06:12:43.49,55.0056,-158.5615,22.5,7.7,53
618688914,2020-07-22T11:02:11.70,54.8449,-160.6127,39.8,5.5,22
618690538,2020-07-22T20:07:18.73,33.0824,86.8385,10.0,6.3,43
618690544,2020-07-22T21:39:58.37,55.2210,-159.2785,36.0,5.8,34
618690754,2020-07-23T11:08:37.68,55.2207,-159.5902,40.3,,15
618695581,2020-07-24T03:07:07.95,54.8273,-160.7288,40.1,5.5,20
618697067,2020-07-24T12:46:24.10,4.1087,122.8139,589.8,,12
618697068,2020-07-24T13:24:38.81,54.9012,-160.7796,43.0,5.6,21
618698079,2020-07-26T01:53:45.68,-14.5738,166.6806,46.9,,13
618698084,2020-07-26T03:12:27.26,6.3257,126.9184,99.7,5.8,16
618699608,2020-07-27T17:32:44.69,8.9465,126.3167,48.1,6.1,16
618699800,2020-07-27T19:34:37.64,54.9661,-160.4145,41.5,,30
618699807,2020-07-27T23:37:04.71,-6.1737,70.2774,14.1,,10
618699827,2020-07-28T08:03:43.46,54.7831,-161.2281,41.0,5.8,36
618700886,2020-07-28T12:42:51.37,54.8923,-160.3730,40.8,,13
618702374,2020-07-29T09:12:16.32,55.0004,-160.4241,44.7,5.7,28
618703215,2020-07-29T13:09:10.23,54.6977,-161.0352,40.2,,19
618704357,2020-07-30T16:08:18.69,54.9275,-158.2546,20.4,,24
618704370,2020-07-30T02:51:19.17,-3.4640,131.1245,16.4,,15
618704411,2020-07-30T19:16:51.97,-19.1448,-173.3364,29.4,5.6,28
618707493,2020-08-01T17:09:01.85,7.2166,124.1646,487.5,6.1,25
618707499,2020-08-01T19:08:50.90,-3.2834,148.8356,17.5,5.7,23
618707500,2020-08-01T19:22:07.55,-3.2286,148.7023,18.0,5.9,33
618707628,2020-08-02T09:29:58.23,-3.2509,149.0172,10.0,5.7,17
618707640,2020-08-02T14:15:48.13,-5.0763,145.3973,130.1,,28
618708218,2020-08-04T09:37:36.79,38.1955,38.7241,5.6,5.6,17
618708486,2020-08-04T16:31:18.72,-12.4734,166.7375,78.7,5.7,25
618708648,2020-08-04T23:51:10.80,-1.7541,100.2233,51.1,,13
618708673,2020-08-05T08:27:13.19,-9.7472,119.1142,23.5,,17
618709663,2020-08-05T16:17:41.49,54.5614,-161.0639,7.0,,22
618709670,2020-08-05T12:05:36.73,-16.1742,168.1011,188.1,5.9,52
618709711,2020-08-05T21:12:06.14,-4.6459,143.6781,96.4,,12
618710835,2020-08-07T03:00:40.84,-3.8552,126.2541,19.5,,11
618711294,2020-08-08T16:57:05.32,0.9297,124.7654,144.6,,19
618711318,2020-08-08T10:45:50.58,-9.7335,118.9691,16.4,5.6,14
618711320,2020-08-08T10:17:49.36,-9.6655,119.0747,10.0,,16
618711322,2020-08-08T12:52:59.63,54.9042,-158.4462,24.9,,24
618711327,2020-08-08T14:42:54.04,54.7806,-161.2342,42.4,5.8,29
618711497,2020-08-09T14:57:53.55,55.1464,-158.1113,27.4,5.7,21
618714189,2020-05-06T13:53:56.33,-6.8248,129.8536,111.8,6.5,47
618720639,2020-08-12T10:26:21.09,1.3565,126.3937,45.0,,16
618724467,2020-08-12T22:40:46.62,27.9800,65.9555,16.9,5.5,22
618724554,2020-08-13T06:40:00.32,53.4044,-163.6748,26.0,5.6,32
618726300,2020-08-14T09:11:43.12,-24.3863,-175.7954,13.5,,20
618727397,2020-08-15T07:12:12.31,-9.3181,114.0250,59.5,5.5,14
618727593,2020-08-15T10:53:18.07,4.6544,125.5829,150.9,,16
618727774,2020-08-16T06:26:31.25,1.6943,122.9719,429.0,,20
618727777,2020-08-16T07:22:29.99,6.4315,123.5139,589.8,5.5,14
618728047,2020-08-16T19:06:53.34,-3.2476,130.6862,22.1,,13
618728048,2020-08-16T20:05:52.31,51.4583,-171.1416,16.0,5.5,25
618737550,2020-08-18T18:28:33.01,55.0476,-158.0553,24.6,,24
618740201,2020-08-18T22:23:58.66,-4.2926,101.1709,14.8,7.2,45
618740203,2020-08-18T22:29:24.26,-4.2209,101.2185,25.7,7.2,44
618741828,2020-08-19T19:45:58.61,54.9288,-160.4361,44.4,5.5,26
618743690,2020-08-21T04:09:52.34,-6.7246,123.5068,643.2,6.5,58
618745129,2020-08-22T00:39:35.91,-4.0646,101.0238,25.1,5.7,33
618745818,2020-08-23T17:38:03.56,-9.7247,108.2106,20.3,5.5,18
618745820,2020-08-23T16:46:48.57,-4.7629,152.5712,59.9,5.5,19
618746774,2020-08-24T17:14:56.32,-15.3653,-174.1748,13.2,,10
618755874,2020-07-25T22:35:48.66,-20.5208,-178.4248,561.3,,26
618757184,2020-07-05T18:50:01.81,-14.9301,167.3527,125.6,5.9,23
618757207,2020-07-15T03:51:41.56,-26.6300,178.3580,623.3,5.7,18
618757237,2020-08-25T19:08:54.15,-5.4482,151.9121,31.2,6.2,30
618757248,2020-08-25T23:27:58.63,-6.6554,104.6244,41.7,,20
618758158,2020-08-26T08:39:56.82,-15.8777,-179.4558,22.0,5.8,11
618929849,2020-08-27T12:07:15.26,23.1510,93.2623,11.5,5.5,16
618933666,2020-08-17T12:54:47.40,-9.4610,152.6050,22.0,,10
618933763,2020-08-25T19:04:44.06,-5.5670,151.8100,35.0,,10
618933786,2020-08-28T15:47:06.39,-36.9023,177.0838,7.7,,12
618933992,2020-08-29T05:35:43.79,-4.4026,101.0187,29.0,,13
618936037,2020-08-30T17:44:07.42,6.5717,125.3716,27.1,,11
618959042,2020-09-02T23:25:36.97,-5.3630,140.4999,10.0,,15
618962296,2020-09-03T16:02:54.73,-4.5432,102.5635,57.0,5.5,13
618964217,2020-09-04T05:00:29.01,-6.3739,129.1667,230.1,,17
618985486,2020-09-06T00:21:11.48,1.6809,126.5507,40.1,5.7,31
618985495,2020-09-06T02:59:15.52,-17.1995,167.7298,10.0,6.0,25
618985528,2020-09-06T15:23:43.96,6.3076,125.7285,123.0,5.9,39
618988083,2020-09-08T00:45:22.09,-4.9014,129.7244,189.6,6.0,36
618990069,2020-09-09T03:41:17.37,4.1398,126.6494,33.3,5.5,19
618990075,2020-09-09T07:18:41.93,4.1354,126.5494,33.0,5.6,26
618990354,2020-09-09T10:57:10.82,-6.1926,154.4965,48.0,,17
618994576,2020-09-10T08:26:59.61,-8.7442,110.8395,99.5,,20
619024254,2020-09-13T18:28:53.08,4.3138,96.7140,131.1,,12
619024266,2020-09-13T10:28:18.24,-6.0526,146.9420,46.4,,20
619028372,2020-09-15T04:12:16.61,-15.0879,179.9658,12.8,5.9,27
619040514,2020-09-15T23:34:03.58,27.7705,85.8654,11.8,,18
619061765,2020-09-17T03:27:34.63,-6.2273,154.8397,65.8,,13
619061787,2020-09-17T10:32:26.58,-6.8300,129.3757,201.5,5.5,36
619093604,2020-09-18T16:28:18.30,35.0102,25.2795,49.4,5.7,23
619093605,2020-09-18T17:47:48.76,37.9490,73.7373,32.5,,13
619093607,2020-09-18T18:43:28.64,2.4362,126.8754,39.6,,23
619099595,2020-09-18T20:59:47.92,-5.6150,147.0341,133.5,,16
619100991,2020-09-20T13:28:27.70,6.6547,125.5895,188.4,,12
619102792,2020-09-20T22:13:15.75,9.2703,126.7414,18.7,5.7,12
619104501,2020-08-24T00:45:18.39,-28.7457,-177.0870,40.4,5.5,24
619104505,2020-08-24T22:49:59.09,-21.9017,-175.4206,35.0,,10
619104507,2020-08-25T19:02:59.39,-5.4936,151.9244,30.8,6.1,36
619104766,2020-08-01T19:45:48.08,-22.9075,-175.8635,17.4,,12
619104847,2020-09-22T01:19:03.82,-6.9449,129.3610,179.2,,15
619320209,2020-09-25T05:57:57.03,55.2496,-157.9119,25.7,,16
619394467,2020-09-26T22:50:24.57,39.9617,24.3479,8.5,,12
619394685,2020-09-27T04:12:17.94,51.9763,-169.7907,19.1,5.6,29
619394861,2020-09-28T02:44:20.69,51.9939,-169.6650,19.8,5.6,15
619399726,2020-10-01T01:13:36.62,-19.5564,-174.1310,36.0,6.4,32
619404995,2020-10-01T10:25:06.59,51.5630,-174.9249,33.4,,18
619447778,2020-10-01T22:04:04.93,-2.9928,145.4254,10.0,,10
619453472,2020-10-03T03:25:12.76,6.1469,126.1812,131.1,,10
619454335,2020-10-03T13:22:47.75,69.2559,-30.0139,14.6,5.5,24
619455089,2020-10-04T23:20:56.66,-20.0465,-173.2983,25.0,,15
619455107,2020-10-05T03:07:47.93,-9.6228,119.4375,66.7,,10
619460475,2020-10-06T05:54:50.99,54.9582,-159.9053,33.5,5.7,33
619461935,2020-10-08T07:35:32.47,-6.1080,146.2006,114.6,6.1,48
619463607,2020-10-08T14:22:39.25,52.7584,-168.2597,34.9,,30
619463608,2020-10-08T15:25:08,-11.1148,163.3064,31.0,,11
619464411,2020-10-08T23:14:35.59,-6.2482,146.2887,112.3,,10
619464420,2020-10-09T02:57:21.46,-6.0216,122.6373,18.4,,12
619479207,2020-10-10T17:38:01.01,24.6377,93.6017,51.8,,18
619480891,2020-10-13T09:29:53.28,14.0071,56.8873,17.7,,10
619483053,2020-10-15T09:41:16.28,-3.2689,100.3258,20.7,,18
619487615,2020-10-17T00:36:03.52,-3.3358,100.3418,28.8,,27
619487893,2020-10-17T17:55:00.22,-3.2915,100.3221,19.9,5.6,26
619489142,2020-10-18T22:48:50.76,-3.3683,100.2553,16.6,,12
619489174,2020-10-19T07:31:31.22,-3.3162,100.3676,22.3,5.9,27
619489176,2020-10-19T07:47:21.80,-3.3722,100.4016,19.6,5.5,20
619489181,2020-10-19T08:14:07.06,-3.4134,100.4136,29.0,,14
619489227,2020-10-19T09:42:54.06,-3.3494,100.3419,27.6,,11
619489233,2020-10-19T09:38:50.92,2.8939,96.3259,28.8,,10
619495971,2020-10-19T14:11:57.84,-7.1590,126.5789,380.4,,26
619498906,2020-10-19T20:54:39.70,54.6127,-159.6792,32.9,7.6,55
619498910,2020-10-19T21:05:57.27,54.5051,-159.6227,20.4,,13
619498914,2020-10-19T21:32:20.55,54.3171,-159.7794,16.4,5.5,17
619498917,2020-10-19T21:45:26.77,54.3482,-159.7723,24.7,5.7,18
619499534,2020-10-20T13:43:16.54,63.9016,-22.0909,3.2,,14
619499538,2020-10-20T12:32:12.03,54.4353,-159.8609,19.8,,20
619500228,2020-09-06T04:39:21.78,-17.1344,167.8422,21.0,5.5,13
619500229,2020-09-06T14:55:20.96,-20.6699,-173.9127,16.7,5.8,17
619500231,2020-09-07T06:12:39.92,-17.1606,168.4369,10.0,6.2,26
619500232,2020-09-07T06:29:14.57,-17.1604,168.5375,10.0,5.6,14
619500243,2020-09-12T08:34:27.26,-17.1577,167.7712,10.0,5.7,22
619500246,2020-09-12T20:26:19.03,-7.3392,128.3984,148.2,5.5,24
619500254,2020-09-16T08:44:30.13,-22.3570,171.5352,126.2,5.7,29
619500300,2020-10-21T00:22:34.74,-19.2657,-172.4990,17.2,5.7,25
619504253,2020-10-24T11:34:17.49,35.6895,48.9963,7.3,5.5,10
619504509,2020-10-24T22:23:00.25,54.5436,-159.6243,33.3,,18
619504557,2020-10-25T11:47:37.48,-15.3327,-173.4291,41.1,5.9,26
619504570,2020-10-25T00:56:46.80,-8.0311,107.9463,59.1,5.6,23
619504761,2020-10-26T08:26:36.10,0.5270,121.5318,105.6,,12
619505250,2020-10-26T09:25:10.44,54.9320,-160.2884,41.7,,12
619509197,2020-10-27T19:43:53.50,-2.3427,119.1174,31.9,5.6,27
619509233,2020-10-28T04:13:42.17,53.1402,-173.4488,246.8,,12
619509332,2020-10-28T09:09:00.23,-0.2611,124.4587,55.2,5.5,21
619509665,2020-10-28T14:12:56.25,-14.4526,167.4074,185.4,5.8,36
619512621,2020-10-29T09:32:42.95,37.5914,71.7626,48.6,,10
619514711,2020-10-30T04:36:28.71,54.5241,-159.6826,27.7,,11
619514791,2020-10-30T11:51:27.32,37.9051,26.7559,16.1,7.1,28
619515524,2020-10-30T22:56:46.92,71.5250,-3.5000,8.2,5.5,14
619516440,2020-11-01T03:43:20.46,-7.0626,129.2074,194.0,5.6,28
619517402,2020-11-02T18:01:59.63,-3.4873,131.1433,23.8,,12
619519039,2020-11-04T22:21:49.43,-7.4222,106.1205,43.7,,11
619519890,2020-11-05T21:57:02.85,-6.5873,147.0116,22.9,,19
619519916,2020-11-06T06:20:07.53,-7.5195,128.4011,144.6,,13
619526413,2020-11-08T00:39:02.98,-11.6425,165.0492,15.2,5.6,21
619530547,2020-11-09T16:45:32.84,-3.7561,153.4163,225.1,,21
619531376,2020-11-10T00:52:33.28,-6.2465,104.0825,41.6,,17
619536405,2020-11-10T14:37:39.51,38.8911,70.4792,19.6,,10
619542465,2020-11-12T19:19:48.19,4.0901,122.7506,580.1,,12
619543406,2020-11-13T18:33:08.83,5.5701,95.5733,24.5,,15
619543578,2020-11-14T02:56:55.58,30.3924,67.3880,11.7,,18
619544122,2020-11-15T22:37:43.85,8.6943,126.3529,50.6,5.5,22
619545008,2020-11-17T01:44:12.04,-2.7251,99.2732,30.8,5.8,30
619547826,2020-11-18T11:37:54.87,-4.6991,102.8706,84.0,5.6,13
619552804,2020-10-22T08:24:05.84,-20.8522,-176.5557,239.8,5.6,25
619552807,2020-10-23T07:04:31.73,-25.6070,-179.9400,468.6,5.7,28
619552830,2020-10-25T11:04:46.04,-10.2187,161.5267,74.1,,22
619552842,2020-10-30T11:10:11.92,-8.8468,161.0272,30.1,5.7,22
619553723,2020-10-01T10:34:45.45,-6.0266,148.6449,92.7,5.7,34
619553735,2020-10-06T10:11:45.33,-18.0758,-178.3736,632.2,6.1,55
619553740,2020-10-08T15:58:51.84,-5.8866,150.8166,44.9,5.7,27
619553742,2020-10-09T21:22:26.61,-17.2158,167.4678,36.0,5.6,21
619554486,2020-11-20T23:16:39.28,-21.4098,169.2262,29.0,,10
619554862,2020-11-22T11:27:27.43,-2.6955,127.4884,18.9,5.7,15
619559485,2020-11-25T15:20:34.82,1.8596,127.4292,119.6,,16
619559640,2020-11-26T03:47:46.21,-4.6544,144.9481,49.6,,18
619561617,2020-11-29T14:48:28.53,-4.9383,102.9934,61.7,,23
619561672,2020-11-29T21:45:23.44,-31.8754,179.2976,482.7,,19
619563908,2020-12-01T16:22:40.91,52.7262,-168.3473,32.2,6.2,52
619563911,2020-12-01T16:35:48.50,53.6508,-150.5120,13.0,5.6,19
619569222,2020-12-02T20:36:23.49,-3.5049,123.2356,19.5,,18
619574617,2020-12-03T17:07:35.75,-22.8485,170.8301,28.0,,10
619575624,2020-12-03T19:48:39.54,3.2895,98.2502,130.9,,11
619576712,2020-12-05T06:43:23.29,-19.0109,-172.8469,19.5,,14
619576718,2020-12-05T08:08:28.97,-7.7930,128.3173,95.8,,19
619576832,2020-12-05T12:44:40.92,36.0671,31.8445,97.2,5.5,13
619580147,2020-12-08T05:14:34.62,22.1286,94.2969,92.0,,11
619587793,2020-12-08T23:33:32.22,-28.4170,-176.1289,18.7,5.8,16
619588322,2020-12-10T11:41:21.69,-22.1872,-179.4782,590.4,,23
619595125,2020-12-10T15:04:51.37,1.5591,126.2658,41.2,,24
619601321,2020-12-10T20:42:08.48,-32.9909,-179.7691,108.5,5.8,25
619601323,2020-12-10T20:48:58.13,-17.6819,-174.6434,18.7,5.7,16
619602403,2020-12-12T15:55:23.50,-9.0292,123.4063,110.1,5.6,24
619602526,2020-12-13T07:25:33.58,-24.0354,176.6738,12.2,5.7,15
619602541,2020-12-13T08:39:49.93,-9.7204,109.7126,13.8,,22
619602665,2020-12-13T22:06:02.21,-4.2131,153.1428,35.0,,11
619602719,2020-12-14T04:19:54.08,-19.1680,-175.4024,213.3,,11
619610379,2020-12-14T19:35:57.96,72.2341,0.5824,3.6,5.6,11
619611102,2020-12-15T23:21:59.67,5.2514,125.3839,31.8,6.0,28
619611120,2020-12-16T05:49:25.13,53.4577,-160.0880,23.4,5.5,25
619617129,2020-12-18T10:16:49.60,-6.3084,147.5379,42.1,,14
619617383,2020-12-19T00:10:42.16,54.6570,-159.7561,34.7,,20
619620705,2020-12-21T12:33:55.11,-6.5448,130.5857,90.0,,11
619620714,2020-12-21T17:08:54.92,-16.7681,-177.1260,7.0,5.8,18
619624672,2020-12-23T18:11:49.20,6.1933,133.5810,20.7,5.7,24
619625328,2020-12-23T22:19:53.93,-4.4780,101.0957,17.8,,15
619625339,2020-12-24T01:24:14.45,-0.2711,124.5004,44.8,,15
619625985,2020-12-24T23:43:41.66,13.7836,120.5992,116.8,5.9,18
619625995,2020-12-25T02:00:33.54,5.1311,126.0393,107.2,,14
619626947,2020-12-27T06:37:33.65,38.4877,39.2206,9.6,5.7,24
619627130,2020-12-28T07:31:11.23,-0.2190,124.5485,58.9,5.5,18
619627620,2020-12-29T06:23:30.10,-6.3828,154.6973,31.3,,11
619628127,2020-12-29T16:21:48.03,5.2111,125.3869,38.2,,15
619646099,2020-11-03T08:18:56.41,-19.9918,-177.3882,395.3,5.6,29
619646106,2020-11-07T09:27:06.54,-15.3854,-173.4893,46.1,6.3,38
619646113,2020-11-11T00:48:43.15,-19.7168,-177.4454,416.9,5.6,30
619646120,2020-11-14T06:42:33.28,-19.5207,168.9861,44.4,5.6,24
619646142,2020-11-29T09:01:34.83,-14.7922,167.2603,114.0,,16
619872621,2020-12-14T01:57:11.04,-23.9830,179.9215,537.6,5.5,28
619872625,2020-12-16T16:08:25.72,-6.3213,143.2406,13.4,5.7,19
620210404,2020-10-03T16:30:09.41,-7.1866,150.0544,45.4,5.7,29
620220831,2020-10-21T03:35:20.49,52.9542,-164.6102,10.0,5.5,10
620782125,2020-07-08T01:07:04.04,56.0631,-153.8122,15.7,5.6,26
620819215,2020-12-28T05:28:08.76,45.4267,16.2095,15.9,,10
621218119,2020-10-20T04:07:07.94,54.3197,-159.6130,20.3,5.5,26
621237227,2020-12-27T02:32:08.12,-4.6315,153.2322,62.1,,19
621237324,2020-12-29T07:10:29.51,43.3575,-127.1509,16.9,5.6,18
621237334,2020-12-29T11:19:55.28,45.4340,16.2120,10.6,6.6,24
621416257,2020-01-26T06:31:57.43,51.1325,-179.8521,32.7,5.8,36
621552095,2020-08-18T00:03:48.62,12.0113,124.1352,11.0,6.7,13
621614371,2020-11-16T22:45:23.79,-7.0025,155.7364,53.1,5.6,13
621852030,2020-09-02T17:46:06.65,-3.0198,130.5617,17.2,,11
622257495,2020-05-09T15:35:58.84,40.7610,78.7706,11.7,,11
